NAME,TOPIC,IMGURL
1,Indoor,https://picsum.photos/id/237/200/300
2,scenery,https://picsum.photos/seed/picsum/200/300
3,wildlife,https://picsum.photos/200/300?grayscale
4,Indoor,https://picsum.photos/id/237/200/300
5,scenery,https://picsum.photos/seed/picsum/200/300
6,wildlife,https://picsum.photos/200/300?grayscale
7,Indoor,https://picsum.photos/id/237/200/300
8,scenery,https://picsum.photos/seed/picsum/200/300
,wildlife,https://picsum.photos/200/300?grayscale
9,Indoor,https://picsum.photos/id/237/200/300
10,scenery,https://picsum.photos/seed/picsum/200/300
11,wildlife,https://picsum.photos/200/300?grayscale
